name,rating,minimum_clean,description_clean,primary_cuisine_group
mit&ohne kebab - HB,4.0,15.0,"kebab, lokale geheimtipps",middle_eastern
Black Tap Craft Burgers & Beer Zurich,4.3,18.0,"amerikanisch, burger",american
Bierhalle Wolf,4.1,18.0,"snacks, getränke snacks",unknown_other
MrBeast Burger© Zürich,3.3,30.0,"snacks, amerikanisch",american
Starbucks Limmatstrasse,3.8,0.0,"frühstück, kaffee",unknown_other
McDonald's® Zürich Löwenstrasse,4.1,18.0,"amerikanisch, burger",american
Holy Cow! Gourmet Burger Co. ZÜRICH ZÄHRINGERSTRASSE,4.7,18.0,"snacks, burger",american
Sora,3.7,18.0,"sushi, japanisch",asian
Janni Pizzakurier Zürich,4.9,20.0,"italienische pizza, pasta",european
KAIMUG,4.0,18.0,"asiatisch, vegetarisch",asian
SUBWAY Zürich HB,4.1,18.0,"snacks, sandwiches",american
Nelson's Kitchen,4.4,18.0,"amerikanisch, burger",american
Action Burger,4.3,18.0,"burger, lokale geheimtipps",american
CORSA,5.0,18.0,"frühstück, pasta",european
China Restaurant Chopstick,4.0,18.0,"chinesisch, vegetarisch",asian
Suan Long,4.1,18.0,"thailändisch, asiatisch",asian
BURGER KING ® Zürich Gleis 18,3.9,18.0,"amerikanisch, burger",american
San Gennaro - Löwenstrasse,4.0,18.0,"italienische pizza, lokale geheimtipps",european
Konshi - Asia Kitchen & Sushi,4.0,18.0,"sushi, thailändisch",asian
SAM'S Pizza Land Zürich,4.1,18.0,"italienische pizza, amerikanische pizza",european
Saravanaa Bhavan Zurich,4.4,18.0,"indisch, vegan",asian
N-68,3.6,18.0,"italienisch, burger",american
Restaurant 1001,4.1,18.0,kebab,middle_eastern
ZFC Zürich,3.9,40.0,"hühnchen, burger",american
3 Men's Kebab,4.4,18.0,"türkisch, kebab",middle_eastern
Da Raffaele,4.1,18.0,"italienisch, italienische pizza",european
Haru Korean,4.5,18.0,"asiatisch, lokale geheimtipps",asian
Dunkin' Donuts HB,3.9,18.0,"frühstück, amerikanisch",american
Sesam Falafel,3.9,18.0,"türkisch, kebab",middle_eastern
Só Tea,4.4,20.0,"asiatisch, nachspeisen",asian
OH MY GREEK! Zürich Hauptbahnhof,4.7,18.0,"vegetarisch, griechisch",european
Nep Asian Kitchen,4.4,18.0,"thailändisch, asiatisch",asian
Burek Bakery Zürich,4.7,30.0,balkanküche,european
Style Thai,4.4,18.0,"thailändisch, asiatisch",asian
Wesley's Kitchen HB,4.4,18.0,"indisch, dumplings",asian
Food Corner Niederdorf,3.0,18.0,"kebab, burger",middle_eastern
Zentral Thai Restaurant & Takeaway,4.2,18.0,"asiatisch, thailändisch",asian
Via del gusto 28,4.8,20.0,"italienisch, frühstück",european
Cindys Bistro - Afro Deli,4.3,20.0,afrikanisch,african
Tadka Indisches Restaurant,4.5,20.0,"indisch, angebote",asian
McDonald's® Zürich Badenerstrasse,3.9,20.0,"amerikanisch, burger",american
Cima Asia Take Away,4.3,20.0,"indisch, asiatisch",asian
Pizzeria Molino Select Limmatquai,3.6,20.0,"italienisch, italienische pizza",european
SPAR Express,3.8,0.0,"frühstück, lebensmittel",grocery_retail
Neni,4.4,20.0,"arabisch, lokale geheimtipps",middle_eastern
Cucina Niederdorf,3.7,20.0,"italienisch, pasta",european
Burgermeister Oberdorf,4.3,20.0,"burger, amerikanisch",american
Thali House,4.9,60.0,"indisch, fisch",asian
ONA POKÉ Bleicherweg,3.8,20.0,"vegetarisch, meeresfrüchte",unknown_other
Mighty Bites,3.7,18.0,"getränke snacks, smoothies",unknown_other
Dont Worry Eat Curry,4.7,20.0,"indisch, vegetarisch",asian
Khujug Bubble Tea,4.3,20.0,"kaffee, bubble tea",unknown_other
HUNCHO,4.3,20.0,"burger, lokale geheimtipps",american
Restaurant Vulkan,4.6,18.0,"thailändisch, indisch",asian
Da Pepino Express,4.7,30.0,"italienische pizza, pasta",european
Kana (fried chicken),4.8,20.0,"hühnchen, burger",american
Zekisworld (Limmatplatz),3.9,20.0,"kebab, lokale geheimtipps",middle_eastern
Miki Burgers,4.0,30.0,"italienische pizza, burger",american
Habesha Restaurant,4.5,20.0,afrikanisch,african
Bilo Bistro,4.4,20.0,"italienische pizza, kebab",middle_eastern
Maadan Bakery,4.7,20.0,"italienisch, italienische pizza",european
Phuket,4.4,20.0,"thailändisch, asiatisch",asian
Cô Ba Canteen,4.7,20.0,"asiatisch, asiatisch",asian
Pizza Pizza Kurier,4.4,30.0,"italienisch, italienische pizza",european
Vegitat Cigköfte,4.6,20.0,"vegan, vegetarisch",unknown_other
Kiosk Kalkbreite & Takeaway,3.9,20.0,"italienische pizza, kebab",middle_eastern
Thali Indian Restaurant,4.8,60.0,"indisch, hühnchen",asian
THE SMASH,4.2,20.0,"amerikanisch, burger",american
Bund 39,4.2,20.0,"dumplings, asiatisch",asian
Pizza Casa Original,4.8,25.0,"italienisch, italienische pizza",european
HappyPockets© Zürich,3.8,30.0,"snacks, wraps",american
Taste of Africa,4.3,20.0,"fisch, afrikanisch",african
Ristorante Pizzeria L'Artista Zürich,3.8,30.0,"italienische pizza, vegan",european
BURGER KING ® Zürich Bahnhof,3.7,18.0,"amerikanisch, burger",american
Peking Garden Langstrasse,4.5,20.0,"chinesisch, thailändisch",asian
Indian Restaurant Kormasutra,4.9,60.0,"indisch, vegetarisch",asian
Fulin Asia Kitchen,4.7,25.0,"chinesisch, thailändisch",asian
Burgermeister Limmatplatz,3.8,20.0,"amerikanisch, burger",american
Pizzakurier Lochergut,4.7,30.0,"italienische pizza, döner",middle_eastern
Quick Zürich,4.2,40.0,"alkohol, getränke snacks",unknown_other
Food Paradise,3.4,50.0,"alkohol, getränke snacks",unknown_other
The Lounge at Park Hyatt Zurich,2.6,20.0,"burger, sandwiches",american
Cani's Pizza Kurier,4.1,30.0,"italienisch, italienische pizza",european
Pizzeria Bella Napoli,4.7,35.0,"italienisch, italienische pizza",european
House of Momos Enge,3.7,45.0,"dumplings, asiatisch",asian
McDonald's® Zürich Langstrasse,3.6,20.0,"amerikanisch, burger",american
Restaurant Indian BBQ,4.3,20.0,"indisch, asiatisch",asian
Pho 50 Stauffacherstrasse,4.0,20.0,"vietnamesisch, suppen",asian
Spizzati Pizzeria & Piadineria,4.5,30.0,"italienisch, italienische pizza",european
Maneez,4.3,20.0,"indisch, hühnchen",asian
Restaurant Damas Wipkingen,4.2,20.0,"arabisch, falafel",middle_eastern
Just Pizza,4.3,35.0,"italienische pizza, italienische pizza",european
Just Burger,4.1,35.0,"amerikanisch, burger",american
Restaurant Pizzeria Monti,4.9,60.0,"italienische pizza, burger",american
Tamarind Garden,4.5,30.0,"indisch, vegetarisch",asian
Pimp your Pizza,4.8,20.0,"italienische pizza, amerikanische pizza",european
baba's döner (vom Holzkohlegrill),4.5,30.0,"kebab, lokale geheimtipps",middle_eastern
MEIXIN,4.1,20.0,"chinesisch, asiatisch",asian
Pizza Bros Zürich,4.3,80.0,"italienische pizza, kebab",middle_eastern
Friends Corner,4.6,20.0,"indisch, vegetarisch",asian
House of Momos Binz,3.7,45.0,"asiatisch, vegetarisch",asian
LOLIPOP,4.4,0.0,"lebensmittel, geschäfte",grocery_retail
Imperial Garden x Nota Sushi,5.0,150.0,"sushi, asiatisch",asian
JUST SMASHED© Zürich Wiedikon,3.6,35.0,"amerikanisch, burger",american
Tibetaner MOMO,4.9,30.0,"dumplings, asiatisch",asian
Spizzati Pizzeria & Piadineria 2,4.6,40.0,"italienisch, italienische pizza",european
Allegrotto Pizza Kurier,5.0,20.0,falafel,middle_eastern
Spaccio - Löwenstrasse,4.3,18.0,"italienisch, italienische pizza",european
Happen Afro Restaurant,5.0,20.0,"afrikanisch, angebote",african
LOMO,3.6,40.0,"asiatisch, momos",asian
Europa Restaurant & Piano Bar,4.8,20.0,"italienisch, italienische pizza",european
Restaurant & Cafe Schmiede,4.3,20.0,"libanesisch, frühstück",middle_eastern
Hang's Vietnamese Cuisine,4.7,20.0,"vietnamesisch, asiatisch",asian
Suan Long Seefeld,4.2,20.0,"chinesisch, thailändisch",asian
Metzgerei Keller,4.9,0.0,"lebensmittel, angebote",grocery_retail
Pizzeria Molino Stauffacher,4.3,20.0,"italienisch, italienische pizza",european
Centro Pizza,3.7,50.0,"asiatisch, italienische pizza",asian
Bebo's Beef & Chicken,4.2,20.0,"hühnchen, kebab",middle_eastern
Blume 3000 - Fleurop,3.3,0.0,"lebensmittel, angebote",grocery_retail
Tacos Plaza,4.2,20.0,"mexikanisch, hühnchen",american
SUBWAY Zürich Langstrasse,3.9,20.0,"snacks, sandwiches",american
Pizzeria Felice,3.9,55.0,"italienisch, italienische pizza",european
Pizzeria La Fammy,4.2,50.0,"italienisch, italienische pizza",european
Xi Muoi - Viet Nam Restaurant,4.6,20.0,"vietnamesisch, asiatisch",asian
Pizza Binz Levante Küche,4.9,50.0,"italienische pizza, arabisch",middle_eastern
SPAR Supermarkt,3.7,0.0,"frühstück, lebensmittel",grocery_retail
Piro Langstrasse,1.7,20.0,"italienische pizza, burger",american
Restaurant Damas Josefstrasse,4.1,20.0,"arabisch, falafel",middle_eastern
Tenz Momo Lochergut,4.7,20.0,"asiatisch, momos",asian
Sprit n more 7/24 Shop Tabak,5.0,150.0,"alkohol, getränke snacks",unknown_other
Ying Cusine,4.9,20.0,"sushi, japanisch",asian
S-Family Restaurant,4.7,20.0,"afrikanisch, traditionell",african
Little Spice Indian Kitchen,4.7,20.0,"indisch, halal, vegan",asian
Kuku Kitchen,3.0,20.0,"asiatisch, momos",asian
Delhi House of Best Curry,4.7,40.0,"indisch, halal, vegan",asian
Winti Sprit,4.8,120.0,"alkohol, getränke snacks",unknown_other
Restaurant Piratino,4.6,50.0,"snacks, italienische pizza",european
ZFC Zurich Fried Chicken,4.4,40.0,"hühnchen, burger",american
McDonald's® Zürich Stadelhofen,4.4,20.0,"amerikanisch, burger",american
Delhihouse Bistro,3.3,20.0,"indisch, frühstück",asian
LA CASA DE KIOSK,5.0,40.0,"lebensmittel, angebote",grocery_retail
Ristorante Rosengarten,4.7,100.0,"italienisch, indisch",asian
Steakhouse Texas Zürich,4.1,20.0,mexikanisch,latin
Original Kebab Haus,3.8,25.0,"kebab, angebote",middle_eastern
Restaurant Mesob,4.9,20.0,"afrikanisch, lokale geheimtipps",african
Shell mio Shop,4.3,0.0,"frühstück, lebensmittel",grocery_retail
Flash Bistro Take-Away,4.5,20.0,"italienische pizza, kebab",middle_eastern
Les delice d'Orient,3.6,20.0,"libanesisch, falafel",middle_eastern
nytstore ZH,5.0,42.0,"lebensmittel, angebote",grocery_retail
BURGER KING ® Europaallee,4.0,18.0,"amerikanisch, burger",american
SOD Restaurant,4.7,25.0,"thailändisch, asiatisch",asian
Amaras Restaurant,4.3,80.0,"italienische pizza, kebab",middle_eastern
Im Guet - Pizza & Pasta Kurier,4.9,60.0,"italienisch, italienische pizza",european
Traum Pizza & Kebab,4.3,25.0,"snacks, italienische pizza",european
Burger & Shakes,4.2,25.0,"amerikanisch, burger",american
Toros Imbiss,4.4,25.0,"türkische pizza, kebab",middle_eastern
Tamarind Hill Oerlikon,4.5,25.0,"indisch, vegetarisch",asian
Tayyeb Burger (Zürich),4.4,30.0,"snacks, burger",american
Burgermeister Enge,4.4,20.0,"amerikanisch, burger",american
Hallo Beirut,4.3,25.0,"libanesisch, falafel",middle_eastern
Rodi,4.7,30.0,"italienische pizza, kebab",middle_eastern
McDonald's® Zürich Tessinerplatz,3.7,20.0,"amerikanisch, burger",american
Asiaway,4.3,25.0,"vietnamesisch, asiatisch",asian
Restaurant and Takeaway Golden India,4.2,30.0,"indisch, indisch",asian
Crown of India Restaurant,4.6,80.0,"indisch, asiatisch",asian
Bäckerei Hug,4.4,0.0,"frühstück, lebensmittel",grocery_retail
Casa Siciliana,4.6,60.0,"italienisch, italienische pizza",european
Liquor House (Zürich),5.0,60.0,"lebensmittel, angebote",grocery_retail
Muset Restaurant (Halalfood),3.7,30.0,"italienische pizza, halal, kebab",middle_eastern
Lamky,4.6,30.0,"asiatisch, chinesisch",asian
Wangkhar Restaurant,4.3,30.0,"sushi, asiatisch",asian
Chi Chest,4.3,25.0,persisch,middle_eastern
Polo Take Away,4.3,30.0,persisch,middle_eastern
Spice Village,4.8,40.0,"indisch, asiatisch",asian
Libanès Restaurant,4.2,35.0,"libanesisch, arabisch",middle_eastern
Legend Döner,3.9,30.0,"türkisch, kebab",middle_eastern
Drink-Taxi.ch,5.0,129.0,"alkohol, getränke snacks",unknown_other
Passioni Italiane - TC Zollikerberg,4.1,30.0,"italienisch, italienische pizza",european
Restaurant Altstetten,2.3,30.0,"italienisch, burger",american
Sushi Palace Rümlang,4.7,50.0,"sushi, asiatisch",asian
Restaurant Tandoor House,4.7,35.0,"indisch, angebote",asian
drink-butler.ch,4.3,129.0,"alkohol, getränke snacks",unknown_other
Cafe Bar Balkan,5.0,35.0,"snacks, burger",american
McDonald's® Zürich Oerlikon,4.4,30.0,"amerikanisch, burger",american
BURGER KING ® Oerlikon,4.0,25.0,"amerikanisch, burger",american
SUBWAY Oerlikon,4.1,30.0,"snacks, sandwiches",american
Suan Long Zürich-Oerlikon,4.3,30.0,"thailändisch, asiatisch",asian
Cravings Supermarket & Food,4.3,0.0,"sandwiches, arabisch",middle_eastern
Dunkin' Donuts Bellevue,3.9,20.0,"frühstück, amerikanisch",american
Big Burger Kurier Zürich,4.5,30.0,"amerikanisch, burger",american
Burgermeister Oerlikon,4.0,25.0,"amerikanisch, burger",american
Ristorante Frascati,3.7,20.0,"italienisch, italienische pizza",european
Zekisworld (Oerlikon),3.9,30.0,"kebab, lokale geheimtipps",middle_eastern
Peking Garden,4.5,70.0,"chinesisch, thailändisch",asian
Tenz Momo Bahnhof Oerlikon,4.5,30.0,"asiatisch, momos",asian
